dataset,method,test_acc_mean,test_acc_std,compression_mean,compression_std,num_nodes,num_edges,num_classes,num_seeds
Cora,CMG,0.8955000042915344,0.000500023365020752,0.6571270310192023,0.010155096011816855,2708,10556,7,2
Cora,TopK,0.7935000061988831,0.015500009059906006,0.8002215657311669,0.0,2708,10556,7,2
Cora,ASAP,0.6669999957084656,0.018999993801116943,0.8002215657311669,0.0,2708,10556,7,2
Citeseer,CMG,0.8314999938011169,0.06749999523162842,0.6965734896302975,0.01457769762548844,3327,9104,6,2
